id,num_code,alpha_2_code,alpha_3_code,en_short_name,nationality
1,4,AF,AFG,Afghanistan,Afghan
2,248,AX,ALA,Åland Islands,Åland Island
3,8,AL,ALB,Albania,Albanian
4,12,DZ,DZA,Algeria,Algerian
5,16,AS,ASM,American Samoa,American Samoan
6,20,AD,AND,Andorra,Andorran
7,24,AO,AGO,Angola,Angolan
8,660,AI,AIA,Anguilla,Anguillan
9,10,AQ,ATA,Antarctica,Antarctic
10,28,AG,ATG,Antigua and Barbuda,Antiguan or Barbudan
11,32,AR,ARG,Argentina,Argentine
12,51,AM,ARM,Armenia,Armenian
13,533,AW,ABW,Aruba,Aruban
14,36,AU,AUS,Australia,Australian
15,40,AT,AUT,Austria,Austrian
16,31,AZ,AZE,Azerbaijan,"Azerbaijani, Azeri"
17,44,BS,BHS,Bahamas,Bahamian
18,48,BH,BHR,Bahrain,Bahraini
19,50,BD,BGD,Bangladesh,Bangladeshi
20,52,BB,BRB,Barbados,Barbadian
21,112,BY,BLR,Belarus,Belarusian
22,56,BE,BEL,Belgium,Belgian
23,84,BZ,BLZ,Belize,Belizean
24,204,BJ,BEN,Benin,"Beninese, Beninois"
25,60,BM,BMU,Bermuda,"Bermudian, Bermudan"
26,64,BT,BTN,Bhutan,Bhutanese
27,68,BO,BOL,Bolivia (Plurinational State of),Bolivian
28,535,BQ,BES,"Bonaire, Sint Eustatius and Saba",Bonaire
29,70,BA,BIH,Bosnia and Herzegovina,Bosnian or Herzegovinian
30,72,BW,BWA,Botswana,"Motswana, Botswanan"
31,74,BV,BVT,Bouvet Island,Bouvet Island
32,76,BR,BRA,Brazil,Brazilian
33,86,IO,IOT,British Indian Ocean Territory,BIOT
34,96,BN,BRN,Brunei Darussalam,Bruneian
35,100,BG,BGR,Bulgaria,Bulgarian
36,854,BF,BFA,Burkina Faso,Burkinabé
37,108,BI,BDI,Burundi,Burundian
38,132,CV,CPV,Cabo Verde,Cabo Verdean
39,116,KH,KHM,Cambodia,Cambodian
40,120,CM,CMR,Cameroon,Cameroonian
41,124,CA,CAN,Canada,Canadian
42,136,KY,CYM,Cayman Islands,Caymanian
43,140,CF,CAF,Central African Republic,Central African
44,148,TD,TCD,Chad,Chadian
45,152,CL,CHL,Chile,Chilean
46,156,CN,CHN,China,Chinese
47,162,CX,CXR,Christmas Island,Christmas Island
48,166,CC,CCK,Cocos (Keeling) Islands,Cocos Island
49,170,CO,COL,Colombia,Colombian
50,174,KM,COM,Comoros,"Comoran, Comorian"
51,178,CG,COG,Congo (Republic of the),Congolese
52,180,CD,COD,Congo (Democratic Republic of the),Congolese
53,184,CK,COK,Cook Islands,Cook Island
54,188,CR,CRI,Costa Rica,Costa Rican
55,384,CI,CIV,Côte d'Ivoire,Ivorian
56,191,HR,HRV,Croatia,Croatian
57,192,CU,CUB,Cuba,Cuban
58,531,CW,CUW,Curaçao,Curaçaoan
59,196,CY,CYP,Cyprus,Cypriot
60,203,CZ,CZE,Czech Republic,Czech
61,208,DK,DNK,Denmark,Danish
62,262,DJ,DJI,Djibouti,Djiboutian
63,212,DM,DMA,Dominica,Dominican
64,214,DO,DOM,Dominican Republic,Dominican
65,218,EC,ECU,Ecuador,Ecuadorian
66,818,EG,EGY,Egypt,Egyptian
67,222,SV,SLV,El Salvador,Salvadoran
68,226,GQ,GNQ,Equatorial Guinea,"Equatorial Guinean, Equatoguinean"
69,232,ER,ERI,Eritrea,Eritrean
70,233,EE,EST,Estonia,Estonian
71,231,ET,ETH,Ethiopia,Ethiopian
72,238,FK,FLK,Falkland Islands (Malvinas),Falkland Island
73,234,FO,FRO,Faroe Islands,Faroese
74,242,FJ,FJI,Fiji,Fijian
75,246,FI,FIN,Finland,Finnish
76,250,FR,FRA,France,French
77,254,GF,GUF,French Guiana,French Guianese
78,258,PF,PYF,French Polynesia,French Polynesian
79,260,TF,ATF,French Southern Territories,French Southern Territories
80,266,GA,GAB,Gabon,Gabonese
81,270,GM,GMB,Gambia,Gambian
82,268,GE,GEO,Georgia,Georgian
83,276,DE,DEU,Germany,German
84,288,GH,GHA,Ghana,Ghanaian
85,292,GI,GIB,Gibraltar,Gibraltar
86,300,GR,GRC,Greece,"Greek, Hellenic"
87,304,GL,GRL,Greenland,Greenlandic
88,308,GD,GRD,Grenada,Grenadian
89,312,GP,GLP,Guadeloupe,Guadeloupe
90,316,GU,GUM,Guam,"Guamanian, Guambat"
91,320,GT,GTM,Guatemala,Guatemalan
92,831,GG,GGY,Guernsey,Channel Island
93,324,GN,GIN,Guinea,Guinean
94,624,GW,GNB,Guinea-Bissau,Bissau-Guinean
95,328,GY,GUY,Guyana,Guyanese
96,332,HT,HTI,Haiti,Haitian
97,334,HM,HMD,Heard Island and McDonald Islands,Heard Island or McDonald Islands
98,336,VA,VAT,Vatican City State,Vatican
99,340,HN,HND,Honduras,Honduran
100,344,HK,HKG,Hong Kong,"Hong Kong, Hong Kongese"
101,348,HU,HUN,Hungary,"Hungarian, Magyar"
102,352,IS,ISL,Iceland,Icelandic
103,356,IN,IND,India,Indian
104,360,ID,IDN,Indonesia,Indonesian
105,364,IR,IRN,Iran,"Iranian, Persian"
106,368,IQ,IRQ,Iraq,Iraqi
107,372,IE,IRL,Ireland,Irish
108,833,IM,IMN,Isle of Man,Manx
109,376,IL,ISR,Israel,Israeli
110,380,IT,ITA,Italy,Italian
111,388,JM,JAM,Jamaica,Jamaican
112,392,JP,JPN,Japan,Japanese
113,832,JE,JEY,Jersey,Channel Island
114,400,JO,JOR,Jordan,Jordanian
115,398,KZ,KAZ,Kazakhstan,"Kazakhstani, Kazakh"
116,404,KE,KEN,Kenya,Kenyan
117,296,KI,KIR,Kiribati,I-Kiribati
118,408,KP,PRK,Korea (Democratic People's Republic of),North Korean
119,410,KR,KOR,Korea (Republic of),South Korean
120,414,KW,KWT,Kuwait,Kuwaiti
121,417,KG,KGZ,Kyrgyzstan,"Kyrgyzstani, Kyrgyz, Kirgiz, Kirghiz"
122,418,LA,LAO,Lao People's Democratic Republic,"Lao, Laotian"
123,428,LV,LVA,Latvia,Latvian
124,422,LB,LBN,Lebanon,Lebanese
125,426,LS,LSO,Lesotho,Basotho
126,430,LR,LBR,Liberia,Liberian
127,434,LY,LBY,Libya,Libyan
128,438,LI,LIE,Liechtenstein,Liechtenstein
129,440,LT,LTU,Lithuania,Lithuanian
130,442,LU,LUX,Luxembourg,"Luxembourg, Luxembourgish"
131,446,MO,MAC,Macao,"Macanese, Chinese"
132,807,MK,MKD,Macedonia (the former Yugoslav Republic of),Macedonian
133,450,MG,MDG,Madagascar,Malagasy
134,454,MW,MWI,Malawi,Malawian
135,458,MY,MYS,Malaysia,Malaysian
136,462,MV,MDV,Maldives,Maldivian
137,466,ML,MLI,Mali,"Malian, Malinese"
138,470,MT,MLT,Malta,Maltese
139,584,MH,MHL,Marshall Islands,Marshallese
140,474,MQ,MTQ,Martinique,"Martiniquais, Martinican"
141,478,MR,MRT,Mauritania,Mauritanian
142,480,MU,MUS,Mauritius,Mauritian
143,175,YT,MYT,Mayotte,Mahoran
144,484,MX,MEX,Mexico,Mexican
145,583,FM,FSM,Micronesia (Federated States of),Micronesian
146,498,MD,MDA,Moldova (Republic of),Moldovan
147,492,MC,MCO,Monaco,"Monégasque, Monacan"
148,496,MN,MNG,Mongolia,Mongolian
149,499,ME,MNE,Montenegro,Montenegrin
150,500,MS,MSR,Montserrat,Montserratian
151,504,MA,MAR,Morocco,Moroccan
152,508,MZ,MOZ,Mozambique,Mozambican
153,104,MM,MMR,Myanmar,Burmese
154,516,NA,NAM,Namibia,Namibian
155,520,NR,NRU,Nauru,Nauruan
156,524,NP,NPL,Nepal,"Nepali, Nepalese"
157,528,NL,NLD,Netherlands,"Dutch, Netherlandic"
158,540,NC,NCL,New Caledonia,New Caledonian
159,554,NZ,NZL,New Zealand,"New Zealand, NZ"
160,558,NI,NIC,Nicaragua,Nicaraguan
161,562,NE,NER,Niger,Nigerien
162,566,NG,NGA,Nigeria,Nigerian
163,570,NU,NIU,Niue,Niuean
164,574,NF,NFK,Norfolk Island,Norfolk Island
165,580,MP,MNP,Northern Mariana Islands,Northern Marianan
166,578,NO,NOR,Norway,Norwegian
167,512,OM,OMN,Oman,Omani
168,586,PK,PAK,Pakistan,Pakistani
169,585,PW,PLW,Palau,Palauan
170,275,PS,PSE,"Palestine, State of",Palestinian
171,591,PA,PAN,Panama,Panamanian
172,598,PG,PNG,Papua New Guinea,"Papua New Guinean, Papuan"
173,600,PY,PRY,Paraguay,Paraguayan
174,604,PE,PER,Peru,Peruvian
175,608,PH,PHL,Philippines,"Philippine, Filipino"
176,612,PN,PCN,Pitcairn,Pitcairn Island
177,616,PL,POL,Poland,Polish
178,620,PT,PRT,Portugal,Portuguese
179,630,PR,PRI,Puerto Rico,Puerto Rican
180,634,QA,QAT,Qatar,Qatari
181,638,RE,REU,Réunion,"Réunionese, Réunionnais"
182,642,RO,ROU,Romania,Romanian
183,643,RU,RUS,Russian Federation,Russian
184,646,RW,RWA,Rwanda,Rwandan
185,652,BL,BLM,Saint Barthélemy,Barthélemois
186,654,SH,SHN,"Saint Helena, Ascension and Tristan da Cunha",Saint Helenian
187,659,KN,KNA,Saint Kitts and Nevis,Kittitian or Nevisian
188,662,LC,LCA,Saint Lucia,Saint Lucian
189,663,MF,MAF,Saint Martin (French part),Saint-Martinoise
190,666,PM,SPM,Saint Pierre and Miquelon,Saint-Pierrais or Miquelonnais
191,670,VC,VCT,Saint Vincent and the Grenadines,"Saint Vincentian, Vincentian"
192,882,WS,WSM,Samoa,Samoan
193,674,SM,SMR,San Marino,Sammarinese
194,678,ST,STP,Sao Tome and Principe,São Toméan
195,682,SA,SAU,Saudi Arabia,"Saudi, Saudi Arabian"
196,686,SN,SEN,Senegal,Senegalese
197,688,RS,SRB,Serbia,Serbian
198,690,SC,SYC,Seychelles,Seychellois
199,694,SL,SLE,Sierra Leone,Sierra Leonean
200,702,SG,SGP,Singapore,Singaporean
201,534,SX,SXM,Sint Maarten (Dutch part),Sint Maarten
202,703,SK,SVK,Slovakia,Slovak
203,705,SI,SVN,Slovenia,"Slovenian, Slovene"
204,90,SB,SLB,Solomon Islands,Solomon Island
205,706,SO,SOM,Somalia,"Somali, Somalian"
206,710,ZA,ZAF,South Africa,South African
207,239,GS,SGS,South Georgia and the South Sandwich Islands,South Georgia or South Sandwich Islands
208,728,SS,SSD,South Sudan,South Sudanese
209,724,ES,ESP,Spain,Spanish
210,144,LK,LKA,Sri Lanka,Sri Lankan
211,729,SD,SDN,Sudan,Sudanese
212,740,SR,SUR,Suriname,Surinamese
213,744,SJ,SJM,Svalbard and Jan Mayen,Svalbard
214,748,SZ,SWZ,Swaziland,Swazi
215,752,SE,SWE,Sweden,Swedish
216,756,CH,CHE,Switzerland,Swiss
217,760,SY,SYR,Syrian Arab Republic,Syrian
218,158,TW,TWN,"Taiwan, Province of China","Chinese, Taiwanese"
219,762,TJ,TJK,Tajikistan,Tajikistani
220,834,TZ,TZA,"Tanzania, United Republic of",Tanzanian
221,764,TH,THA,Thailand,Thai
222,626,TL,TLS,Timor-Leste,Timorese
223,768,TG,TGO,Togo,Togolese
224,772,TK,TKL,Tokelau,Tokelauan
225,776,TO,TON,Tonga,Tongan
226,780,TT,TTO,Trinidad and Tobago,Trinidadian or Tobagonian
227,788,TN,TUN,Tunisia,Tunisian
228,792,TR,TUR,Turkey,Turkish
229,795,TM,TKM,Turkmenistan,Turkmen
230,796,TC,TCA,Turks and Caicos Islands,Turks and Caicos Island
231,798,TV,TUV,Tuvalu,Tuvaluan
232,800,UG,UGA,Uganda,Ugandan
233,804,UA,UKR,Ukraine,Ukrainian
234,784,AE,ARE,United Arab Emirates,"Emirati, Emirian, Emiri"
235,826,GB,GBR,United Kingdom of Great Britain and Northern Ireland,"British, UK"
236,581,UM,UMI,United States Minor Outlying Islands,American
237,840,US,USA,United States of America,American
238,858,UY,URY,Uruguay,Uruguayan
239,860,UZ,UZB,Uzbekistan,"Uzbekistani, Uzbek"
240,548,VU,VUT,Vanuatu,"Ni-Vanuatu, Vanuatuan"
241,862,VE,VEN,Venezuela (Bolivarian Republic of),Venezuelan
242,704,VN,VNM,Vietnam,Vietnamese
243,92,VG,VGB,Virgin Islands (British),British Virgin Island
244,850,VI,VIR,Virgin Islands (U.S.),U.S. Virgin Island
245,876,WF,WLF,Wallis and Futuna,"Wallis and Futuna, Wallisian or Futunan"
246,732,EH,ESH,Western Sahara,"Sahrawi, Sahrawian, Sahraouian"
247,887,YE,YEM,Yemen,Yemeni
248,894,ZM,ZMB,Zambia,Zambian
249,716,ZW,ZWE,Zimbabwe,Zimbabwean